File Name,domain,Text,Hashtag,Pre_hashtags
0426_2285945634,airport,ready for takeof, #avgeek #pilot #travel #plane #fly,
0671_483048408,airport,busy airport hustle,#aviation #aviationlovers #boeing #aircraft #avgeek ,
0465_247609520,airport,waiting for boarding,#flying #airplane #instagramaviation #planespotting #aviationphotography,
0540_2218117161,airport,airport adventures,#instaplane #flight #aviationdaily #cabincrew #instaaviation,
0334_2114912741,airport,flying high,#airline #aviationgeek #planespotter #pilotlife #planes,
0407_117969493,airport,runway views,#planes #megaplane #airlines #love #emirates,
0247_117970054,airport,skys the limit,#aviation #aviationlovers #boeing #aircraft #airbus ,
0558_2591616930,airport,jetsetting vibes,#planes #megaplane #airlines #love #emirates,
0574_460710933,airport,up in the clouds,#fly #flying #airplane #instagramaviation #planespotting,
0272_117975881,airport,ready for takeoff,#airportlife #travelertales #jetsetlife #terminalviews #wanderlust,
0507_2217364603,airport,jetsetting dreams,#arrivals #departuresboard #globetrotter #airplanemode #airportvibes,
0257_1592804141,airport,runway ready,#skylineviews #flightlife #traveladdict #gatelife #airportscenes,
0579_695380973,airport,navigating the skies,#airline #aviationgeek  #planes #fly #airplane,
0245_247906127,airport,winging it to new horizons,#instaplane #aviationlovers #boeing #aircraft  #avgeek ,
0464_357143337,airport,airport hustle and bustle,#flightconnections #travelgoals #airplaneviews #layoverlife #traveltheglobe,
0337_117967500,airport,flying high living free,#adventurebound #airportphotography #boardingtime #travelobsessed #flightviews,
0588_251672473,airport,skybound escapades,#skylineviews #flightlife #traveladdict #layoverlife #airportscenes,
0473_2711727108,beach,sandy toes ocean breeze,#beachlife #sunsandsea #beachday #oceanvibes #saltlife,
0269_168837211,beach,sunkissed shores,#beachbum #sandytoes #seaside #coastalliving #paradisefound,
0373_522925643,beach,waves for days,#surfing #tropicalgetaway #beachtime #summerfun #shoreline,
0450_2658845231,beach,beach therapy,#islandlife #beachphotography #waves #seashells #sunsetbeach,
0053_361797143,beach,seashells and sunshine,#beachlove #beachvacation #beachparty #beachstyle #beachwalk,
0428_1292376796,beach,lifes a beach enjoy the waves,#beachsunset #beachescape #beachdreams #beachbound #sandandsun,
0295_2317391103,beach,tropical vibes only,#beachhair #beachtrip #beachlover #beachwaves #beachchic,
0469_425119875,beach,lost at sea found at the beach,#beachlife #sunsandsea #beachdreams #beachbound #beachlove,
0230_198044306,beach,sandy toes and sunkissed nose,#beachwalk #surfandsand #tropicalparadise #beachlove #oceanvibes,
0452_576418044,beach,seas the day,#beachlife #beachbum #seashells #wavewatcher #summerdays,
0470_1050416728,beach,mermaid kisses and starfish wishes,#islandlife #beachdays #saltwatercures #wavesfordays #seasidebliss,
0391_95317802,beach,good vibes happen on the tides,#beachlife #sunandsand #oceanvibes #saltwatercures #sandytoes,
0415_274997571,beach,lost at sea but loving it,#seasidebliss #summerdays #coastalliving #tropicalparadise #wavesfordays,
0054_238946241,beach,ake me to the beach and leave me there,#beachbum #sunkissed #shellhunting #islandlife #surfandsand,
0676_279450569,beach,beach adventures,#seashells #beachdays #wavewatcher #sandybeaches #coastalescape,
0506_2177236207,beach,beachlove is a thing,#beachsunset #beachlove #beachwalk #tidalwaves #beachfun,
0561_828247580,cars,life is too short to drive boring cars,#cars #carsofinstagram #CarsWithOutLimits #carspotting #carstagram,
0023_355701660,cars,brakes are just a temporary solution,#carstagram #carshow #carsandcoffee #carspotter #carselfie,
0512_276274939,cars,behind every successful person is a substantial amount of coffee and a reliable car,#carsovereverything #carsdaily #carsforsale #carszene #carslover,
0447_2123212475,cars,adventures are better with the windows down and the radio up,#cars247 #carspot #carsales #carsinstagram #carspushingthelimits ,
0326_239923704,cars,eat sleep drive repeat,#Carson #carsgasm #carsofinsta #carsofig #carsi,
0068_1778976431,cars,in a relationship with my car,#CarSeat #carshows #carscene #carsketch #CARSERVICE,
0204_962766463,cars,the only thing that beats the thrill of driving is the thrill of driving faster,#carswithoutlimit #carsale #Cars3 #carslovers #carspotted,
0221_290080024,cars,lifes a journey enjoy the ride,#carsland #carsalesman #carsoflondon #carsgram #carsvideos ,
0339_486379181,cars,good vibes happen on the tides and the drives,#carstyle #carsandtrees #carsporn #carshopping #carstereo,
0464_825757204,cars,not all who wander are lost some are just exploring in their cars,#carsoninstagram #carstuff #carspots #carsphotopage #CarsonWentz,
0459_396806145,cars,fuel oil and a little bit of soul,#carshoot #cars4life #carsoftheday #carslifestyle #carsrussia,
0380_2502963641,cars,born to drive forced to work, #carselfies #carsandcoffeepalmbeach #carsforlife #carspa #carstandard,
0215_2538617904,cars,find your passion then accelerate towards it,#carshot #carselife #carscollection #carsticker #CarsonCity ,
0037_364158702,cars,lifes a race make sure youre the one driving,#carsofaz #carsandgirls #carsociety #CarShop #carsonlueders ,
0376_311472297,cars,cant buy happiness but you can buy a car and thats kind of the same thing, #carshooting #carsport #carsound #carsharing #carsdubai,
0583_159383299,cars,lifes too short for boring rides,#carspottingrshd #Carsamba #carset #carslife #carsafety ,
0511_2643695991,cars,the road less traveled is calling and i must go,#carsaleswoman #carsarelife #carsphoto #carstickers #carsfeed ,
0216_141786818,cars,happiness is a full tank and an empty road, #carsofinstagram #carshow #instacars #carsofinsta #lovecars,
0360_2227695171,cars,dream big drive bigger,#carspotters #carshopping #carsoftheday #carsi #coolcars,
0588_2302991327,cars,not just a car its a lifestyle,#newcars #carsociety #performancecars #carsphoto #carspoter ,
0004_2097189565,cat,pawsitively purrfect,#Caturday #Whiskers #KittyLove #Meow #Purrfect ,
0295_378387582,cat,catitude on point,#CatLove #CatLife #FelineFriends #CatLovers #CatsofInstagram ,
0246_481264554,cat,whisker game strong,#CatNap #CatCuddles #CatMom #CatDad #CatLady ,
0093_64676196,cat,meowdeling my way through life,#CatGentleman #CatSelfie #CatEyes #CatPaws #CatWorld ,
0508_2134467487,cat,just here for the cuddles and catnip,#CatDreams #CatMagic #CatGoals #CatCute #CatAdventures,
0254_110465482,cat,in a world full of dogs be a cat,#CatTales #CatBehavior #CatWisdom #CatHumor #CatMemes ,
0406_277102818,cat,napping is my cardio,#CatArt #CatPhotography #CatModel #CatFashion #CatStyle,
0519_349536987,cat,cat hair dont care,#CatWalk #CatStagram #CatAddict #CatObsessed #CatFlair,
0474_197867351,cat,purrfection in every whisker,#CatLifeMatters #CatRescue #CatCare #CatHealth #CatGrooming,
0650_369670887,cat,cuddles and whisker kisses for days,#CatTraining #CatToys #CatTreats #CatFood #CatHacks,
0067_110790687,cat,every day is a cattastic adventure,#CatTips #CatTraining #CatBehavior #CatTraining #CatVibes,
0268_225230260,cat,happiness is a warm cat on your lap,#CatMotivation #CatQuotes #CatSayings #CatThoughts #CatFeelings,
0503_2350971037,cat,living the cat life one nap at a time,#CatEmotions #CatFriends #CatCommunity #CatConnection #CatBonding ,
0327_333527157,cat,curiosity never killed this cat,#CatUnity #CatFamily #CatLoveStory #CatRomance #CatAffection ,
0479_11024828,cat,paws and reflect,#CatBFFs #CatSquad #CatTribe #CatNation #CatNetwork #CatSupport ,
0282_2124970673,cat,bringing joy and purrs to your feed,#CatHappiness #CatJoy #CatLoveWins #CatRespect #CatKindness,
0571_2042773243,cat,cativating your timeline one whisker at a time,#CatAwareness #CatAdvocacy #CatRights #CatWellness #CatTherapy ,
0334_1507477259,cat,cats the ultimate masters of relaxation,#CatAppreciation #CatGratitude #CatBlessings #CatLifeJourney #CatLifeAdventure ,
0392_445846726,cat,whisker game strong attitude even stronger,#CatLifeGoals #CatLifestyle #CatLifeJourney #CatLifeAdventure #CatLifeWonderful ,
0203_21607518,cat,lifes better with a cat by your side,#CatLifeAmazing #CatLifeBeautiful #CatLifeFantastic #CatLifeIncredible #CatLifeUnforgettable,
0452_481884042,book,lost in the pages found in the words,#BookLover #ReadingIsMagic #EscapeWithBooks #WordsMatter #ImaginationUnleashed,
0267_370775225,book,books where adventures never end,#BookwormLife #PageTurner #LiteraryEscape #DiscoverNewWorlds #BookishBliss,
0287_2338578158,book,escape reality dive into a book,#AdventureInPages #BookNerdAlert #StoriesThatStay #ReadingCommunity #BookishDreams,
0262_2196300516,book,words are my escape books are my refuge,#BookishJourney #StorytellingMagic #ExploreThroughPages #WordsOfWisdom #BookishEscape,
0247_210586449,book,in a world of books anything is possible,#BibliophileLife #GetLostInBooks #BookishThoughts #ReadersGonnaRead #BookishDelight,
0213_410523041,book,reading the ultimate journey for the mind,#BookishAdventures #LiteraryMagic #BookishCommunity #EscapeReality #BookishWonder,
0587_482259687,book,books the best companions,#BookishSoul #WordsCreateWorlds #BookishObsession #PageByPage #BookishJoys,
0458_248078992,book,words whispering secrets from the pages,#LiteraryEscapeRoute #BookishHabitat #BookishJunkie #BookishLove #PagesOfWonder,
0449_11735980,book,each book a new universe to explore,#BookishHaven #BookishAddict #BookishBliss #BookishLife #ReadingJunkie,
0510_424749236,book,the magic begins when you open a book,#BookishWonders #LiteraryJourney #BookishThoughts #BookishCommunity #ReadingAddict,
0641_1579578909,book,books the window to countless worlds,#BookishVibes #WordsmithLife #BookishPleasures #ReadingAddiction #BookishTreasures,
0277_2404018150,book,between the pages lies a treasure trove of stories,#BookishEscapeRoute #LiteraryObsession #BookishInspiration #PageTurnerJoy #BookishDreamer,
0593_385279497,book,for the love of books and the adventures they bring,#BookishExploration #ReadingIsLife #BookishWorlds #BookishExcursions #BookishSanctuary,
0395_39781812,book,reading a passport to imagination,#BookishWonderland #WordsAreMagic #BookishJoys #ReadEverywhere #BookishHappiness,
0291_291189204,book,inhale the words exhale the worries,#BookishMagic #BookishWanderlust #BookishAdventure #BookishSatisfaction #PageTurnerBliss,
0324_2404018876,book,books the ultimate time machine,#BookishDiscoveries #BookishObsession #LiteraryDelight #BookishJunkie #BookishGems,
0505_2147069176,book,getting lost in a good book is finding yourself,#BookishNook #BookishDelights #ReadersUnite #BookishLife #BookishEssentials,
0046_401988107,book,pages filled with dreams and imagination,#BookishTherapy #BookishLoveAffair #ReadingIsMyEscape #BookishRealm #BookishSoulFood,
0473_369923219,book,bookworm by choice reader by heart,#BookishJourneyAhead #BookishTravels #BookishFinds #BookishNirvana #PageTurnerEscape,
0605_215003256,book,one book at a time one adventure after another,#BookishRetreat #BookishHappiness #LiteraryOasis #BookishRelief #ReadingEnchantment,
0470_135334087,buildings,standing tall reaching for the sky,#UrbanElegance #ArchitecturalMarvels #CityScape #SkylineBeauty #StructuralDesign,
0575_2438358367,buildings,architectural wonders never cease to amaze,#ConcreteJungle #ModernArchitecture #CityLife #UrbanExploration #BuildingInspiration,
0258_2454634211,buildings,where history meets modernity,#SkyscraperViews #ArchitecturalWonders #UrbanAesthetics #CityLights #DesignInspiration,
0393_2199748772,buildings,every corner tells a story,#TowerTuesday #BuildingDreams #UrbanArt #SkylineSilhouette #UrbanPhotography,
0215_1054424636,buildings,exploring the world one building at a time,#BrickByBrick #CityArchitecture #GlassAndSteel #CityscapePhotography #UrbanDesign,
0334_367545567,buildings,urban symphony of steel and glass,#MetropolisMagic #CityHorizon #SkylineGoals #ArchitecturalDetail #ConcreteJungleVibes,
0524_29141492,buildings,capturing the essence of city life,#HighRiseLife #CityVibes #ArchitecturePhotography #UrbanBeauty #SkylineChaser,
0340_1491067671,buildings,architecture the silent narrator of our cities,#UrbanChic #CityLiving #SkyscraperLife #ModernDesign #CityscapeArt,
0314_386407017,buildings,embracing the beauty of structural design,#Archilovers #UrbanSafari #BuildingStyle #CityGlimpse #StructuralPerfection,
0603_122202773,buildings,in awe of the intricate details,#RoofTopViews #CityDreaming #SkylineSymphony #ArchitecturalDetailing #UrbanIcon,
0282_104313854,buildings,lost in the maze of concrete jungles,#CityWanderer #ArchitectureInspiration #SkyscraperLove #CityscapeMagic #UrbanMarvels,
0460_11302608,buildings,building dreams one brick at a time,#SteelAndGlass #CityElegance #ModernSkyline #ArchitecturalGem #UrbanEnchantment,
0501_2117423940,buildings,the artistry of skyline silhouettes,#BuildingArt #CityExplorer #SkylineWonder #UrbanEuphoria #ArchitecturalDelight,
0506_2222369489,buildings,discovering beauty in the concrete chaos,#CityscapeDreams #UrbanAdventure #ArchitecturalFeats #SkylineInspiration #CityscapeLife,
0480_218861934,buildings,chasing shadows in the cityscape,#ConcreteBeauty #UrbanStyle #SkyscraperDreaming #CityScapeVibes #ArchitecturalCharm,
0060_13099711,buildings,perspective is everything especially in architecture,#CityScapeSymphony #UrbanDwellings #ArchitecturalBeauty #SkylineSunset #CityHorizons,
0052_384443637,buildings,where geometry meets imagination,#CityscapeSunrise #UrbanSerenade #BuildingBeauty #SkyscraperCity #ArchitecturalElegance,
0055_1395149636,buildings,unveiling the soul of the city through its structures,#CityscapeDaze #UrbanTales #BuildingSymphony #SkylineSerenity #ArchitecturalGems,
0065_11506286,buildings,from skyscrapers to humble abodes each has a story to tell,#CityscapeChronicles #UrbanSculpture #BuildingWonders #SkylineGazing #ArchitecturalSafari,
0272_2163942622,buildings,finding solace in the rhythm of urban architecture,#CityscapeAdventures #UrbanWanderlust #BuildingCharm #SkylineCharm #ArchitecturalSpectacle,
0289_2696554494,clouds,where dreams drift and imagination takes flight,#SkyCanvas #CloudArt#SkyMelodies#SkyDelights#CloudEuphoria,
0250_1610278346,clouds,in a sky painted with cotton candy clouds find your moment of serenity,#Cloudscape#SkyMagic#SkyDreams#PrettyClouds#SkyTales,
0488_430961646,clouds,above the chaos find peace in the gentle embrace of the clouds,#SkyCanvas#PrettyClouds#CloudEuphoria#SkyDelights#SkyTales,
0336_1618317391,clouds,whispers of the heavens written in the language of clouds,#Cloudscape #SkyMelodies#PrettyClouds#SkyMarvels#CloudArt,
0066_1643730066,clouds,each cloud a story drifting through the skys vast expanse,#SkyCanvas#PrettyClouds#SkyMarvels#SkyDelights#CloudEuphoria,
0071_1927191876,clouds,skyline adorned with fluffy pillows of wonder,"#SkyMelodies#SkyDreams#SkyTales#SkyMarvels#SkyShades
",
0294_2501657475,clouds,beneath the canopy of clouds the world takes on a softer hue,#SkyMagic#PrettyClouds#SkyDelights#SkyTales#CloudEuphoria,
0423_426659949,clouds,among the clouds find solace in the infinite expanse above,"#SkyCanvas#SkyDreams#SkyMelodies#CloudMystery#PrettyClouds
",
0233_124160529,clouds,clouds the silent poets of the sky weaving tales with every wisp,#SkyCanvas #SkyDreams#CloudArt#SkyMagic#CloudEuphoria,
0098_2192794779,clouds,ephemeral sculptures in the azure gallery above," #CloudArt #CloudMystery#PrettyClouds#SkyDelights#SkyTales

",
0080_76684763,clouds,cloud bridges to the infinite,#SkyCanvas#Cloudscape#SkyMarvels#CloudEuphoria#SkyDelights,
0440_2479584233,clouds,pillows of cotton candy suspended in the boundless blue,#SkyMelodies#SkyTales#CloudMystery#SkyDreams#SkyMagic,
0438_95180875,clouds,glimpses of heaven scattered across the canvas of the sky,#SkyMagic#SkyMarvels#CloudEuphoria#SkyDreams#SkyTales,
0275_296367549,clouds,lost in the skys embrace,"#SkyCanvas#Cloudscape#SkyDreams#SkyMelodies#SkyTales
",
0603_2265198439,clouds,heavenly whispers in fluffy form," #CloudArt#CloudMystery#CloudEuphoria#SkyTales#PrettyClouds
",
0499_1274293693,clouds,clouds soft blankets for the soul,#PrettyClouds#Cloudscape#CloudEuphoria#SkyMarvels#SkyShades,
0376_2562107690,clouds,sky tales written in cotton,#SkyCanvas#Cloudscape #CloudArt#SkyMelodies#SkyMagic,
0393_266616965,clouds,dancing with the clouds,"#Cloudscape#CloudMystery#SkyTales#PrettyClouds#CloudEuphoria
",
0005_2297025544,clouds,canvas of dreams painted blue,#SkyCanvas #CloudArt#SkyMelodies#SkyMagic#SkyDreams,
0066_284701131,clouds,under the canopy of clouds,#PrettyClouds#Cloudscape#CloudArt#SkyDreams#SkyMarvels,
0596_2661685360,cityscape,where dreams meet skylines,#UrbanDreams#UrbanCanvas#CityscapeAesthetic#CityscapeBeauty#UrbanLandscape,
0244_93440933,cityscape,lost in the maze of city lights,#CityLights#CityscapeLife#UrbanHeartbeat#CityscapeLove#CityscapeVibes,
0464_2692216143,cityscape,cityscape wonders around every corner,#UrbanExploration#LimitlessCity#UrbanLandscape#CityscapeLove#CityscapeVibes,
0322_2077264593,cityscape,city vibes and urban thrills,#UrbanCanvas#CityscapeAesthetic#CityscapeBeauty#CityscapeLove#CityscapeVibes,
0349_145886556,cityscape,skyline silhouettes against the setting sun,#UrbanCanvas#CityDreams#CityLights#SkylineHorizon#UrbanCanvas,
0074_1451822749,cityscape,concrete jungles endless adventures,#UrbanTales#ConcreteJungle#UrbanHeartbeat#CityscapeLove#UrbanLandscape,
0486_61470101,cityscape,cityscape symphonies in motion,#CityDreams#CityscapeLife#UrbanHeartbeat#CityscapeAesthetic#UrbanLandscape,
0507_47403857,cityscape,city dreams take flight among the skyscrapers,#ConcreteJungle#UrbanCanvas#CityscapeBeauty#CityscapeLove#CityscapeWonder,
0580_441431391,cityscape,cityscape allure from dawn till dusk,#SkylineHorizon#UrbanHeartbeat#UrbanLandscape#CityscapeWonder#CityscapeVibes,
0537_2366166,cityscape,urban landscapes endless stories,#UrbanExploration#ConcreteJungle#CityscapeLife#CityscapeAesthetic#CityscapeMemories,
0403_405858844,cityscape,cityscape treasures hidden in plain sight,#LimitlessCity#CityscapeBeauty#UrbanLandscape#CityscapeWonder#CityscapeVibes,
0533_256667605,cityscape,city skylines where the pulse of life never fades,#UrbanHeartbeat#UrbanCanvas#CityscapeLove#CityscapeMemories#CityscapeWonder,
0376_274017356,cityscape,exploring the cityscape one skyline at a time,#CityDreams#ConcreteJungle#CityscapeAesthetic#UrbanLandscape#CityscapeWonder,
0310_473563094,cityscape,in the heart of the cityscape dreams take shape,"#CityLights#CityscapeLife#CityscapeBeauty#CityscapeLove#CityscapeMemories
",
0598_174023417,cityscape,the cityscape a tapestry of lights shadows and stories,#UrbanAdventures#UrbanTales#UrbanHeartbeat#CityscapeBeauty#UrbanLandscape,
0383_1812621237,cityscape,urban panoramas where chaos meets beauty,#CityscapeLife#SkylineHorizon#UrbanCanvas#CityscapeAesthetic#CityscapeLove,
0521_1519021979,cityscape,cityscape marvels that defy the limits of imagination,#UrbanExploration#CityLights#LimitlessCity#CityscapeBeauty#UrbanLandscape,
0535_374034249,cityscape,cityscape horizons where possibilities stretch to infinity,#ConcreteJungle#LimitlessCity#UrbanHeartbeat#CityscapeLove#CityscapeMemories,
0022_1297520278,cityscape,cityscape adventures where every street is a new chapter,#UrbanAdventures#SkylineHorizon#UrbanHeartbeat#UrbanLandscape#CityscapeLove,
0096_410619628,cityscape,cityscape dreams painted with the hues of urban life,#UrbanCanvas#UrbanExploration#LimitlessCity#CityscapeAesthetic#CityscapeLove,
